x_acceleration,y_acceleration,z_acceleration
-1.075684,-0.5354004,0.6206055
-0.8422852,-0.4418945,0.309082
