x_acceleration,y_acceleration,z_acceleration
-0.7700195,-0.3708496,0.630127
-0.7568359,-0.3566895,0.5576172
-0.8415527,-0.411377,0.5424805
-0.8859863,-0.3532715,0.6008301
